"","Df","Sum Sq","Mean Sq","F value","Pr(>F)"
"drug_kind",2,743.441810527798,371.720905263899,12.796258297849,0.00105798394075106
"drug_kind:mice",12,348.590248753936,29.0491873961613,5.16299283096814,7.4125994079661e-06
"drug_kind:mice:cell",60,337.585447207148,5.62642412011913,11.1530362722131,7.35123013896118e-33
"Residual",150,75.6711981759206,0.504474654506137,,
